{
    "images" : [
        
        {
          "size":512,
          "filename":"android/app/src/main/ic_launcher-playstore.png"
        },
        {
            "size" : 40,
            "idiom": "iphone",
            "filename" : "ios/foodtiger/Images.xcassets/AppIcon.appiconset/FoodTiger-20@2x.png",
            "scale": "2x"
          },
          {
            "size" : 60,
            "idiom": "iphone",
            "filename" : "ios/foodtiger/Images.xcassets/AppIcon.appiconset/FoodTiger-20@3x.png",
            "scale": "3x"
          },
          {
            "size" : 20,
            "idiom": "ipad",
            "filename" : "ios/foodtiger/Images.xcassets/AppIcon.appiconset/FoodTiger-20.png",
            "scale": "1x"
          },
          {
            "size" :40,
            "idiom": "ipad",
            "filename" : "ios/foodtiger/Images.xcassets/AppIcon.appiconset/FoodTiger-20@2x.png",
            "scale": "2x"
          },
          {
            "size" : 58,
            "idiom" : "iphone",
            "filename" : "ios/foodtiger/Images.xcassets/AppIcon.appiconset/FoodTiger-29@2x.png",
            "scale" : "2x"
          },
          {
            "size" : 87,
            "idiom" : "iphone",
            "filename" : "ios/foodtiger/Images.xcassets/AppIcon.appiconset/FoodTiger-29@3x.png",
            "scale" : "3x"
          },
          {
            "size" : 80,
            "idiom" : "iphone",
            "filename" : "ios/foodtiger/Images.xcassets/AppIcon.appiconset/FoodTiger-40@2x.png",
            "scale" : "2x"
          },
          {
            "size" : 120,
            "idiom" : "iphone",
            "filename" : "ios/foodtiger/Images.xcassets/AppIcon.appiconset/FoodTiger-40@3x.png",
            "scale" : "3x"
          },
          {
            "size" : 120,
            "idiom" : "iphone",
            "filename" : "ios/foodtiger/Images.xcassets/AppIcon.appiconset/FoodTiger-60@2x.png",
            "scale" : "2x"
          },
          {
            "size" : 180,
            "idiom" : "iphone",
            "filename" : "ios/foodtiger/Images.xcassets/AppIcon.appiconset/FoodTiger-60@3x.png",
            "scale" : "3x"
          },
          {
            "size" : 29,
            "idiom" : "ipad",
            "filename" : "ios/foodtiger/Images.xcassets/AppIcon.appiconset/FoodTiger-29.png",
            "scale" : "1x"
          },
          {
            "size" : 58,
            "idiom" : "ipad",
            "filename" : "ios/foodtiger/Images.xcassets/AppIcon.appiconset/FoodTiger-29@2x.png",
            "scale" : "2x"
          },
          {
            "size" : 40,
            "idiom" : "ipad",
            "filename" : "ios/foodtiger/Images.xcassets/AppIcon.appiconset/FoodTiger-40.png",
            "scale" : "1x"
          },
          {
            "size" : 80,
            "idiom" : "ipad",
            "filename" : "ios/foodtiger/Images.xcassets/AppIcon.appiconset/FoodTiger-40@2x.png",
            "scale" : "2x"
          },
          {
            "size" : 76,
            "idiom" : "ipad",
            "filename" : "ios/foodtiger/Images.xcassets/AppIcon.appiconset/FoodTiger-76.png",
            "scale" : "1x"
          },
          {
            "size" : 152,
            "idiom" : "ipad",
            "filename" : "ios/foodtiger/Images.xcassets/AppIcon.appiconset/FoodTiger-76@2x.png",
            "scale" : "2x"
          },
          {
            "size" : 167,
            "idiom" : "ipad",
            "filename" : "ios/foodtiger/Images.xcassets/AppIcon.appiconset/FoodTiger-83.5@2x.png",
            "scale" : "2x"
          },
          {
            "size" : 1024,
            "idiom" : "ios-marketing",
            "filename" : "ios/foodtiger/Images.xcassets/AppIcon.appiconset/FoodTiger-1024.png",
            "scale" : "1x"
          },
          {
            "size" : 40,
            "idiom": "iphone",
            "filename" : "ios/foodtiger/Images.xcassets/iOS/AppIcon.appiconset/FoodTiger-20@2x.png",
            "scale": "2x"
          },
          {
            "size" : 60,
            "idiom": "iphone",
            "filename" : "ios/foodtiger/Images.xcassets/iOS/AppIcon.appiconset/FoodTiger-20@3x.png",
            "scale": "3x"
          },
          {
            "size" : 20,
            "idiom": "ipad",
            "filename" : "ios/foodtiger/Images.xcassets/iOS/AppIcon.appiconset/FoodTiger-20.png",
            "scale": "1x"
          },
          {
            "size" :40,
            "idiom": "ipad",
            "filename" : "ios/foodtiger/Images.xcassets/iOS/AppIcon.appiconset/FoodTiger-20@2x.png",
            "scale": "2x"
          },
          {
            "size" : 58,
            "idiom" : "iphone",
            "filename" : "ios/foodtiger/Images.xcassets/iOS/AppIcon.appiconset/FoodTiger-29@2x.png",
            "scale" : "2x"
          },
          {
            "size" : 87,
            "idiom" : "iphone",
            "filename" : "ios/foodtiger/Images.xcassets/iOS/AppIcon.appiconset/FoodTiger-29@3x.png",
            "scale" : "3x"
          },
          {
            "size" : 80,
            "idiom" : "iphone",
            "filename" : "ios/foodtiger/Images.xcassets/iOS/AppIcon.appiconset/FoodTiger-40@2x.png",
            "scale" : "2x"
          },
          {
            "size" : 120,
            "idiom" : "iphone",
            "filename" : "ios/foodtiger/Images.xcassets/iOS/AppIcon.appiconset/FoodTiger-40@3x.png",
            "scale" : "3x"
          },
          {
            "size" : 120,
            "idiom" : "iphone",
            "filename" : "ios/foodtiger/Images.xcassets/iOS/AppIcon.appiconset/FoodTiger-60@2x.png",
            "scale" : "2x"
          },
          {
            "size" : 180,
            "idiom" : "iphone",
            "filename" : "ios/foodtiger/Images.xcassets/iOS/AppIcon.appiconset/FoodTiger-60@3x.png",
            "scale" : "3x"
          },
          {
            "size" : 29,
            "idiom" : "ipad",
            "filename" : "ios/foodtiger/Images.xcassets/iOS/AppIcon.appiconset/FoodTiger-29.png",
            "scale" : "1x"
          },
          {
            "size" : 58,
            "idiom" : "ipad",
            "filename" : "ios/foodtiger/Images.xcassets/iOS/AppIcon.appiconset/FoodTiger-29@2x.png",
            "scale" : "2x"
          },
          {
            "size" : 40,
            "idiom" : "ipad",
            "filename" : "ios/foodtiger/Images.xcassets/iOS/AppIcon.appiconset/FoodTiger-40.png",
            "scale" : "1x"
          },
          {
            "size" : 80,
            "idiom" : "ipad",
            "filename" : "ios/foodtiger/Images.xcassets/iOS/AppIcon.appiconset/FoodTiger-40@2x.png",
            "scale" : "2x"
          },
          {
            "size" : 76,
            "idiom" : "ipad",
            "filename" : "ios/foodtiger/Images.xcassets/iOS/AppIcon.appiconset/FoodTiger-76.png",
            "scale" : "1x"
          },
          {
            "size" : 152,
            "idiom" : "ipad",
            "filename" : "ios/foodtiger/Images.xcassets/iOS/AppIcon.appiconset/FoodTiger-76@2x.png",
            "scale" : "2x"
          },
          {
            "size" : 167,
            "idiom" : "ipad",
            "filename" : "ios/foodtiger/Images.xcassets/iOS/AppIcon.appiconset/FoodTiger-83.5@2x.png",
            "scale" : "2x"
          }
      ]
}